Ciudad,Latitud,Longitud
- Coordenadas Acebeda-La,- Como Ir a Acebeda-La,"41.0930184542923,-3.6201388451"
- Coordenadas Ajalvir,- Como Ir a Ajalvir,"40.5290869072082,-3.4765786497"
- Coordenadas Alameda-del-Valle,- Como Ir a Alameda-del-Valle,"40.9204642345628,-3.8482444566"
- Coordenadas alamo-El,- Como Ir a alamo-El,"40.2328447920607,-3.9873046784"
- Coordenadas Alcala-de-Henares,- Como Ir a Alcala-de-Henares,"40.4994044151797,-3.3401732231"
- Coordenadas Alcobendas,- Como Ir a Alcobendas,"40.5361528074896,-3.6291320200"
- Coordenadas Alcorcon,- Como Ir a Alcorcon,"40.3492301805427,-3.8284724950"
- Coordenadas Aldea-del-Fresno,- Como Ir a Aldea-del-Fresno,"40.3064188142099,-4.2175445017"
- Coordenadas Algete,- Como Ir a Algete,"40.6149831488445,-3.5332791623"
- Coordenadas Alpedrete,- Como Ir a Alpedrete,"40.6619057447873,-4.0188988955"
- Coordenadas Ambite,- Como Ir a Ambite,"40.3425539086476,-3.1719971825"
- Coordenadas Anchuelo,- Como Ir a Anchuelo,"40.4688341160077,-3.2765909995"
- Coordenadas Aranjuez,- Como Ir a Aranjuez,"40.0201959278488,-3.6590717053"
- Coordenadas Arganda-del-Rey,- Como Ir a Arganda-del-Rey,"40.2963710574893,-3.4494456553"
- Coordenadas Arroyomolinos,- Como Ir a Arroyomolinos,"39.14453538418,-6.145081978888"
- Coordenadas Atazar-El,- Como Ir a Atazar-El,"40.9291900455952,-3.4725994424"
- Coordenadas Batres,- Como Ir a Batres,"40.2253756745192,-3.9279972834"
- Coordenadas Becerril-de-la-Sierra,- Como Ir a Becerril-de-la-Sierra,"40.7030728964239,-3.9336828559"
- Coordenadas Belmonte-de-Tajo,- Como Ir a Belmonte-de-Tajo,"40.1329438910525,-3.3375285243"
- Coordenadas Berrueco-El,- Como Ir a Berrueco-El,"40.8882301695029,-3.5532282577"
- Coordenadas Berzosa-del-Lozoya,- Como Ir a Berzosa-del-Lozoya,"40.973604970757,-3.53245574777"
- Coordenadas Boadilla-del-Monte,- Como Ir a Boadilla-del-Monte,"40.4046078284925,-3.8846969604"
- Coordenadas Boalo-El,- Como Ir a Boalo-El,"40.7010483087815,-3.9146047118"
- Coordenadas Braojos,- Como Ir a Braojos,"41.0566159150237,-3.6558104438"
- Coordenadas Brea-de-Tajo,- Como Ir a Brea-de-Tajo,"40.2386793085996,-3.1200750208"
- Coordenadas Brunete,- Como Ir a Brunete,"40.399571349713,-3.99752718267"
- Coordenadas Buitrago-del-Lozoya,- Como Ir a Buitrago-del-Lozoya,"40.9941858015711,-3.6353828942"
- Coordenadas Bustarviejo,- Como Ir a Bustarviejo,"40.843724975422,-3.73083730601"
- Coordenadas Cabanillas-de-la-Sierra,- Como Ir a Cabanillas-de-la-Sierra,"40.8257025502559,-3.6367763845"
- Coordenadas Cabrera-La,- Como Ir a Cabrera-La,"40.8642054412246,-3.6082815679"
- Coordenadas Cadalso-de-los-Vidrios,- Como Ir a Cadalso-de-los-Vidrios,"40.2984134476714,-4.4388129975"
- Coordenadas Camarma-de-Esteruelas,- Como Ir a Camarma-de-Esteruelas,"40.5630469260784,-3.3745794039"
- Coordenadas Campo-Real,- Como Ir a Campo-Real,"40.3223777787187,-3.3776661193"
- Coordenadas Canencia,- Como Ir a Canencia,"40.8925333651324,-3.7553349040"
- Coordenadas Carabana,- Como Ir a Carabana,"40.2553703051457,-3.2468310609"
- Coordenadas Casarrubuelos,- Como Ir a Casarrubuelos,"40.1748885191372,-3.8268498010"
- Coordenadas Cenicientos,- Como Ir a Cenicientos,"40.2420725209193,-4.5083586413"
- Coordenadas Cercedilla,- Como Ir a Cercedilla,"40.7569931686613,-4.0542201025"
- Coordenadas Cervera-de-Buitrago,- Como Ir a Cervera-de-Buitrago,"40.9133961387403,-3.5189323451"
- Coordenadas Chapineria,- Como Ir a Chapineria,"40.3684718429488,-4.1995337476"
- Coordenadas Chinchon,- Como Ir a Chinchon,"40.1549814218151,-3.4881270304"
- Coordenadas Ciempozuelos,- Como Ir a Ciempozuelos,"40.1535990132937,-3.6000997496"
- Coordenadas Cobena,- Como Ir a Cobena,"40.572988892993,-3.50784095999"
- Coordenadas Collado-Mediano,- Como Ir a Collado-Mediano,"40.6938482558087,-4.0324398224"
- Coordenadas Collado-Villalba,- Como Ir a Collado-Villalba,"40.642970427116,-3.99051888389"
- Coordenadas Colmenar-de-Oreja,- Como Ir a Colmenar-de-Oreja,"40.073566869533,-3.45799369464"
- Coordenadas Colmenar-del-Arroyo,- Como Ir a Colmenar-del-Arroyo,"40.3962749968664,-4.1765863985"
- Coordenadas Colmenar-Viejo,- Como Ir a Colmenar-Viejo,"40.6402717148913,-3.7315088778"
- Coordenadas Colmenarejo,- Como Ir a Colmenarejo,"40.5302453656987,-4.0161034264"
- Coordenadas Corpa,- Como Ir a Corpa,"40.4247072043134,-3.2504958142"
- Coordenadas Coslada,- Como Ir a Coslada,"40.4290160730953,-3.5515910088"
- Coordenadas Cubas-de-la-Sagra,- Como Ir a Cubas-de-la-Sagra,"40.1916176609962,-3.8341913675"
- Coordenadas Daganzo-de-Arriba,- Como Ir a Daganzo-de-Arriba,"40.5625325023194,-3.4398829922"
- Coordenadas Escorial-El,- Como Ir a Escorial-El,"40.5741999819206,-4.0969685246"
- Coordenadas Estremera,- Como Ir a Estremera,"40.1401713329908,-3.0937353480"
- Coordenadas Fresnedillas-de-la-Oliva,- Como Ir a Fresnedillas-de-la-Oliva,"40.4748283396668,-4.1787986430"
- Coordenadas Fresno-de-Torote,- Como Ir a Fresno-de-Torote,"40.6045758335124,-3.4040291287"
- Coordenadas Fuenlabrada,- Como Ir a Fuenlabrada,"40.2885396922775,-3.7972964655"
- Coordenadas Fuente-el-Saz-de-Jarama,- Como Ir a Fuente-el-Saz-de-Jarama,"40.6386828713088,-3.5212288722"
- Coordenadas Fuentiduena-de-Tajo,- Como Ir a Fuentiduena-de-Tajo,"40.1136414461273,-3.1645427223"
